{
  "losses": [
    2.9693067844649006,
    1.8657248289065254,
    1.0539931316572921,
    0.7661911403774319,
    0.7170997004311784,
    0.7040469960162514,
    0.694250632497601,
    0.683920429165202,
    0.6728462608237016,
    0.6597502554269662,
    0.6454023987727058,
    0.6292080348147485,
    0.6115055317269232,
    0.59259465583285,
    0.5726883380036605,
    0.5521732396201083,
    0.5320501455238887,
    0.5119942493904802,
    0.49273449742704406,
    0.4742944437758367,
    0.45637161312694835,
    0.4387870583319126,
    0.4226379568191399,
    0.4078235911919658,
    0.39284066990354005,
    0.3792101404720679,
    0.36706064977592096,
    0.354965012772639,
    0.34419518261027515,
    0.33419978965942126,
    0.32463694492677103,
    0.3163171428486817,
    0.30841791528956336,
    0.3008207984660801,
    0.2944194605027823,
    0.28822222262396846,
    0.2831242760097174,
    0.27734918332189545,
    0.2730193856291305,
    0.2679071903676915,
    0.2643831176193137,
    0.26024785133680906,
    0.2568419301756343,
    0.253889231529451,
    0.25090470910072327,
    0.24777719759403316,
    0.24532385327314077,
    0.24319574813869663,
    0.2410245994876202,
    0.23853684905776404
  ],
  "val_mrrs": [
    0.0007260461570695043,
    0.004258448723703623,
    0.0210484080016613,
    0.023696905001997948,
    0.025093039497733116,
    0.025886911898851395,
    0.029070798307657242,
    0.02918274700641632,
    0.029805799946188927,
    0.031068626791238785,
    0.03265749290585518,
    0.03511643037199974,
    0.037656836211681366,
    0.042679984122514725,
    0.04842701554298401,
    0.0561603344976902,
    0.06493221968412399,
    0.0733335018157959,
    0.08368317782878876,
    0.09398951381444931,
    0.10633837431669235,
    0.11766276508569717,
    0.12936490774154663,
    0.14216388761997223,
    0.15293972194194794,
    0.16414842009544373,
    0.1741742193698883,
    0.18298988044261932,
    0.1908753663301468,
    0.1984504759311676,
    0.20518536865711212,
    0.2112182229757309,
    0.21750780940055847,
    0.2232220321893692,
    0.22799158096313477,
    0.23357167840003967,
    0.2379169464111328,
    0.24255099892616272,
    0.2466081827878952,
    0.2496877908706665,
    0.25385427474975586,
    0.25567248463630676,
    0.2582930624485016,
    0.260103315114975,
    0.2625298500061035,
    0.2642609477043152,
    0.26622501015663147,
    0.2681235074996948,
    0.26969265937805176,
    0.271056592464447
  ],
  "best_epoch": 50
}