{
  "checkpoint": "artifacts/custom/RotatE_mixed_50_50/trained_model.pkl",
  "num_test_triples": 20438,
  "global": {
    "n": 20438,
    "mrr": 0.2982163429260254,
    "hits_at_1": 0.21614150112535474,
    "hits_at_3": 0.32818768959780803,
    "hits_at_10": 0.4602945493688228,
    "mrr_head": 0.19448886811733246,
    "hits_at_10_head": 0.3404442704765633,
    "mrr_tail": 0.40194380283355713,
    "hits_at_10_tail": 0.5801448282610823
  },
  "relation_frequency": {
    "low": {
      "n": 849,
      "mrr": 0.4144178628921509,
      "hits_at_1": 0.32685512367491165,
      "hits_at_3": 0.4552414605418139,
      "hits_at_10": 0.5765606595995288,
      "mrr_head": 0.35903385281562805,
      "hits_at_10_head": 0.5217903415783275,
      "mrr_tail": 0.4698018431663513,
      "hits_at_10_tail": 0.6313309776207303
    },
    "mid": {
      "n": 2172,
      "mrr": 0.3628215789794922,
      "hits_at_1": 0.2824585635359116,
      "hits_at_3": 0.39571823204419887,
      "hits_at_10": 0.5195672191528545,
      "mrr_head": 0.2826719284057617,
      "hits_at_10_head": 0.44843462246777166,
      "mrr_tail": 0.44297122955322266,
      "hits_at_10_tail": 0.5906998158379374
    },
    "high": {
      "n": 17417,
      "mrr": 0.28449538350105286,
      "hits_at_1": 0.2024745937876787,
      "hits_at_3": 0.3135729459723259,
      "hits_at_10": 0.44723545960842853,
      "mrr_head": 0.17547109723091125,
      "hits_at_10_head": 0.31813745191479587,
      "mrr_tail": 0.39351969957351685,
      "hits_at_10_tail": 0.5763334673020613
    }
  },
  "head_degree": {
    "low": {
      "n": 1810,
      "mrr": 0.2842763364315033,
      "hits_at_1": 0.23314917127071824,
      "hits_at_3": 0.3019337016574586,
      "hits_at_10": 0.3792817679558011,
      "mrr_head": 0.06294985115528107,
      "hits_at_10_head": 0.10552486187845304,
      "mrr_tail": 0.5056028366088867,
      "hits_at_10_tail": 0.6530386740331492
    },
    "mid": {
      "n": 5664,
      "mrr": 0.2692283093929291,
      "hits_at_1": 0.2029484463276836,
      "hits_at_3": 0.2932556497175141,
      "hits_at_10": 0.3960981638418079,
      "mrr_head": 0.07379023730754852,
      "hits_at_10_head": 0.15024717514124294,
      "mrr_tail": 0.46466636657714844,
      "hits_at_10_tail": 0.6419491525423728
    },
    "high": {
      "n": 12914,
      "mrr": 0.30677682161331177,
      "hits_at_1": 0.2133343658045532,
      "hits_at_3": 0.340328325847917,
      "hits_at_10": 0.4950441381446492,
      "mrr_head": 0.25370416045188904,
      "hits_at_10_head": 0.44703422642093854,
      "mrr_tail": 0.3598495423793793,
      "hits_at_10_tail": 0.5430540498683599
    }
  },
  "tail_degree": {
    "low": {
      "n": 1478,
      "mrr": 0.18524222075939178,
      "hits_at_1": 0.12313937753721245,
      "hits_at_3": 0.20399188092016238,
      "hits_at_10": 0.30987821380243574,
      "mrr_head": 0.29489633440971375,
      "hits_at_10_head": 0.479702300405954,
      "mrr_tail": 0.07558809965848923,
      "hits_at_10_tail": 0.14005412719891747
    },
    "mid": {
      "n": 3029,
      "mrr": 0.17343315482139587,
      "hits_at_1": 0.10036315615714757,
      "hits_at_3": 0.19115219544404094,
      "hits_at_10": 0.3164410696599538,
      "mrr_head": 0.26403748989105225,
      "hits_at_10_head": 0.44866292505777483,
      "mrr_tail": 0.08282880485057831,
      "hits_at_10_tail": 0.18421921426213272
    },
    "high": {
      "n": 15849,
      "mrr": 0.3305697739124298,
      "hits_at_1": 0.24465265947378384,
      "hits_at_3": 0.3638715376364439,
      "hits_at_10": 0.5004101205123351,
      "mrr_head": 0.17145705223083496,
      "hits_at_10_head": 0.30626537951921257,
      "mrr_tail": 0.4896824359893799,
      "hits_at_10_tail": 0.6945548615054578
    }
  }
}