{
  "losses": [
    0.8529545373486397,
    0.5051204704476479,
    0.2998545526113725,
    0.18502413139755564,
    0.12400280698237562,
    0.09051285202341869,
    0.07206043309735176,
    0.06125501400433985,
    0.05458559653252587,
    0.04924852115319187,
    0.04557103672085848,
    0.042653343423192665,
    0.04007788744748087,
    0.04004821677069019,
    0.03826773506974367,
    0.037870945093831175,
    0.036354210619863714,
    0.035745224890936365,
    0.03415791557303497,
    0.03426166265306616,
    0.03336964260534685,
    0.03267175842888821,
    0.03272948319554553,
    0.03135517299791476,
    0.030007620601165564,
    0.03129113289086442,
    0.030407546991412352,
    0.030211106776014754,
    0.030984882412380295,
    0.03042907249252487,
    0.030172618830758603,
    0.029261205149324315,
    0.02912693616366924,
    0.028508885213895177,
    0.0286920014523754,
    0.02906523888958688,
    0.028022048735809057,
    0.02877261761673971,
    0.027921503259191162,
    0.028131361280504922,
    0.027456372290065412,
    0.027183045237500193,
    0.026505832367793733,
    0.02725875230253975,
    0.026861604590221008,
    0.02674103202648405,
    0.026732009940577627,
    0.026067521356578385,
    0.026258699862020358,
    0.026503257670516808
  ],
  "metrics": {
    "both": {
      "optimistic": {
        "adjusted_arithmetic_mean_rank": 0.057849834092849994,
        "adjusted_arithmetic_mean_rank_index": 0.942282218308251,
        "adjusted_geometric_mean_rank_index": 0.9912313072746752,
        "adjusted_hits_at_k": 0.3034540153053921,
        "adjusted_inverse_harmonic_mean_rank": 0.15094537416386,
        "arithmetic_mean_rank": 412.7972648987181,
        "count": 40876.0,
        "geometric_mean_rank": 46.978405987739194,
        "harmonic_mean_rank": 6.598462822718387,
        "hits_at_1": 0.07292787944025834,
        "hits_at_10": 0.3039436344064977,
        "hits_at_3": 0.17350034249926607,
        "hits_at_5": 0.22223309521479598,
        "inverse_arithmetic_mean_rank": 0.002422496670963542,
        "inverse_geometric_mean_rank": 0.021286375707617412,
        "inverse_harmonic_mean_rank": 0.1515504484706678,
        "inverse_median_rank": 0.022222222222222223,
        "median_absolute_deviation": 63.75189539574088,
        "median_rank": 45.0,
        "standard_deviation": 1037.6366489855172,
        "variance": 1076689.8153178936,
        "z_arithmetic_mean_rank": 329.5476594316503,
        "z_geometric_mean_rank": 200.75010888795222,
        "z_hits_at_k": 2313.240118525472,
        "z_inverse_harmonic_mean_rank": 2842.392733678249
      },
      "pessimistic": {
        "adjusted_arithmetic_mean_rank": 0.05784991980392159,
        "adjusted_arithmetic_mean_rank_index": 0.942282132585166,
        "adjusted_geometric_mean_rank_index": 0.9912312887291432,
        "adjusted_hits_at_k": 0.3034540153053921,
        "adjusted_inverse_harmonic_mean_rank": 0.15094532603559283,
        "arithmetic_mean_rank": 412.79787650455035,
        "count": 40876.0,
        "geometric_mean_rank": 46.97850323074086,
        "harmonic_mean_rank": 6.598464916716585,
        "hits_at_1": 0.07292787944025834,
        "hits_at_10": 0.3039436344064977,
        "hits_at_3": 0.17350034249926607,
        "hits_at_5": 0.22223309521479598,
        "inverse_arithmetic_mean_rank": 0.0024224930817660756,
        "inverse_geometric_mean_rank": 0.021286331645952478,
        "inverse_harmonic_mean_rank": 0.15155040037669895,
        "inverse_median_rank": 0.022222222222222223,
        "median_absolute_deviation": 63.75189539574088,
        "median_rank": 45.0,
        "standard_deviation": 1037.6375088707202,
        "variance": 1076691.599815434,
        "z_arithmetic_mean_rank": 329.5476294514157,
        "z_geometric_mean_rank": 200.75010513199985,
        "z_hits_at_k": 2313.240118525472,
        "z_inverse_harmonic_mean_rank": 2842.3918273938552
      },
      "realistic": {
        "adjusted_arithmetic_mean_rank": 0.05784987781763333,
        "adjusted_arithmetic_mean_rank_index": 0.9422821745773392,
        "adjusted_geometric_mean_rank_index": 0.9912312994606353,
        "adjusted_hits_at_k": 0.3034540153053921,
        "adjusted_inverse_harmonic_mean_rank": 0.15094533784534958,
        "arithmetic_mean_rank": 412.7975769042969,
        "count": 40876.0,
        "geometric_mean_rank": 46.97844696044922,
        "harmonic_mean_rank": 6.598464488983154,
        "hits_at_1": 0.07292787944025834,
        "hits_at_10": 0.3039436344064977,
        "hits_at_3": 0.17350034249926607,
        "hits_at_5": 0.22223309521479598,
        "inverse_arithmetic_mean_rank": 0.002422494813799858,
        "inverse_geometric_mean_rank": 0.021286357194185257,
        "inverse_harmonic_mean_rank": 0.15155041217803955,
        "inverse_median_rank": 0.02222222276031971,
        "median_absolute_deviation": 63.751895904541016,
        "median_rank": 45.0,
        "standard_deviation": 1037.6370849609375,
        "variance": 1076690.625,
        "z_arithmetic_mean_rank": 329.5476441374854,
        "z_geometric_mean_rank": 200.75010730540598,
        "z_hits_at_k": 2313.240118525472,
        "z_inverse_harmonic_mean_rank": 2842.3920497787212
      }
    },
    "head": {
      "optimistic": {
        "adjusted_arithmetic_mean_rank": 0.07268064913215634,
        "adjusted_arithmetic_mean_rank_index": 0.9274511540265357,
        "adjusted_geometric_mean_rank_index": 0.9845833023905898,
        "adjusted_hits_at_k": 0.20072049883925736,
        "adjusted_inverse_harmonic_mean_rank": 0.09374023646455495,
        "arithmetic_mean_rank": 511.42743908405913,
        "count": 20438.0,
        "geometric_mean_rank": 80.62001340510321,
        "harmonic_mean_rank": 10.593703659284714,
        "hits_at_1": 0.04012134259712301,
        "hits_at_10": 0.20129171151776104,
        "hits_at_3": 0.09678050689891379,
        "hits_at_5": 0.13171543203835992,
        "inverse_arithmetic_mean_rank": 0.001955311591788954,
        "inverse_geometric_mean_rank": 0.012403867944987225,
        "inverse_harmonic_mean_rank": 0.09439569315529825,
        "inverse_median_rank": 0.011627906976744186,
        "median_absolute_deviation": 121.57338191745936,
        "median_rank": 86.0,
        "standard_deviation": 1134.6980866800047,
        "variance": 1287539.7479152638,
        "z_arithmetic_mean_rank": 229.1140180531279,
        "z_geometric_mean_rank": 141.0065610730169,
        "z_hits_at_k": 1073.0184724360051,
        "z_inverse_harmonic_mean_rank": 1237.9142826424534
      },
      "pessimistic": {
        "adjusted_arithmetic_mean_rank": 0.07268072561940916,
        "adjusted_arithmetic_mean_rank_index": 0.9274510775284115,
        "adjusted_geometric_mean_rank_index": 0.9845832922871014,
        "adjusted_hits_at_k": 0.20072049883925736,
        "adjusted_inverse_harmonic_mean_rank": 0.09374023506069896,
        "arithmetic_mean_rank": 511.4279772971915,
        "count": 20438.0,
        "geometric_mean_rank": 80.62006558488264,
        "harmonic_mean_rank": 10.593703816720693,
        "hits_at_1": 0.04012134259712301,
        "hits_at_10": 0.20129171151776104,
        "hits_at_3": 0.09678050689891379,
        "hits_at_5": 0.13171543203835992,
        "inverse_arithmetic_mean_rank": 0.001955309534071302,
        "inverse_geometric_mean_rank": 0.012403859916823407,
        "inverse_harmonic_mean_rank": 0.0943956917524576,
        "inverse_median_rank": 0.011627906976744186,
        "median_absolute_deviation": 121.57338191745936,
        "median_rank": 86.0,
        "standard_deviation": 1134.6985866934974,
        "variance": 1287540.8826442207,
        "z_arithmetic_mean_rank": 229.11399915532124,
        "z_geometric_mean_rank": 141.0065596260513,
        "z_hits_at_k": 1073.0184724360051,
        "z_inverse_harmonic_mean_rank": 1237.9142641034198
      },
      "realistic": {
        "adjusted_arithmetic_mean_rank": 0.07268069109693107,