{
  "losses": [
    2.9857572057193384,
    1.891458771730724,
    1.0765526816809088,
    0.7807181726272842,
    0.7290391433507877,
    0.7152465393668727,
    0.704871844528313,
    0.6936454228440622,
    0.6818111211733711,
    0.6684474662730568,
    0.6538388946450743,
    0.6374231021207079,
    0.6189481183550412,
    0.5995600405044126,
    0.5794792930434521,
    0.5588654821976683,
    0.538177474100787,
    0.5179865035347473,
    0.4985061256509078,
    0.47992800881988124,
    0.4618058316689685,
    0.44416225583929764,
    0.4274195791187143,
    0.4115998137714271,
    0.39698497121943566,
    0.38328559808713153,
    0.3699132053923786,
    0.35815905236211937,
    0.3468201243339625,
    0.33646913164092185,
    0.3269140907472238,
    0.3178827215854387,
    0.31022653476636214,
    0.302225472671645,
    0.2959826855283034,
    0.28909585092748913,
    0.28309948663962514,
    0.27863110736348573,
    0.27315145529302437,
    0.2690227688255167,
    0.2637144214004502,
    0.26078238842406665,
    0.2566526828515798,
    0.25290579522462714,
    0.25017693285879333,
    0.2470761505060626,
    0.24469302269749174,
    0.24236501310776948,
    0.24014582227271303,
    0.23773819594679022
  ],
  "val_mrrs": [
    0.0007247804314829409,
    0.0043006776832044125,
    0.02143915370106697,
    0.02388920821249485,
    0.024982158094644547,
    0.025816211476922035,
    0.029308367520570755,
    0.03002600371837616,
    0.030559053644537926,
    0.03164531663060188,
    0.03279995545744896,
    0.03498135507106781,
    0.03787117078900337,
    0.04230019077658653,
    0.048397015780210495,
    0.05608058720827103,
    0.06488290429115295,
    0.07305596023797989,
    0.08333893865346909,
    0.0940944105386734,
    0.10488509386777878,
    0.11667453497648239,
    0.12876293063163757,
    0.13996370136737823,
    0.1509263515472412,
    0.16209277510643005,
    0.17296625673770905,
    0.1812090128660202,
    0.1892041563987732,
    0.19669920206069946,
    0.20361210405826569,
    0.2097768932580948,
    0.21649621427059174,
    0.22184312343597412,
    0.22772374749183655,
    0.23230889439582825,
    0.23780687153339386,
    0.24190641939640045,
    0.2457001507282257,
    0.24939380586147308,
    0.2530788481235504,
    0.2551378905773163,
    0.2585940361022949,
    0.260189414024353,
    0.26227521896362305,
    0.2642658054828644,
    0.2662132680416107,
    0.26824262738227844,
    0.2696118652820587,
    0.27071067690849304
  ],
  "best_epoch": 50
}