{
  "checkpoint": "artifacts/custom/RotatE_mixed_70_30/trained_model.pkl",
  "num_test_triples": 20438,
  "global": {
    "n": 20438,
    "mrr": 0.2984868288040161,
    "hits_at_1": 0.21648400039142773,
    "hits_at_3": 0.3282855465309717,
    "hits_at_10": 0.4606615128681867,
    "mrr_head": 0.19523024559020996,
    "hits_at_10_head": 0.34171641060769153,
    "mrr_tail": 0.40174341201782227,
    "hits_at_10_tail": 0.5796066151286818
  },
  "relation_frequency": {
    "low": {
      "n": 849,
      "mrr": 0.4159654378890991,
      "hits_at_1": 0.3286219081272085,
      "hits_at_3": 0.4552414605418139,
      "hits_at_10": 0.5783274440518257,
      "mrr_head": 0.36131563782691956,
      "hits_at_10_head": 0.525323910482921,
      "mrr_tail": 0.4706152677536011,
      "hits_at_10_tail": 0.6313309776207303
    },
    "mid": {
      "n": 2172,
      "mrr": 0.3622191250324249,
      "hits_at_1": 0.2803867403314917,
      "hits_at_3": 0.39732965009208104,
      "hits_at_10": 0.5234806629834254,
      "mrr_head": 0.2822745144367218,
      "hits_at_10_head": 0.4534990791896869,
      "mrr_tail": 0.44216370582580566,
      "hits_at_10_tail": 0.5934622467771639
    },
    "high": {
      "n": 17417,
      "mrr": 0.28481245040893555,
      "hits_at_1": 0.20304874547855545,
      "hits_at_3": 0.31348682321869437,
      "hits_at_10": 0.4470919216857094,
      "mrr_head": 0.17627939581871033,
      "hits_at_10_head": 0.31882643394384796,
      "mrr_tail": 0.39334556460380554,
      "hits_at_10_tail": 0.5753574094275707
    }
  },
  "head_degree": {
    "low": {
      "n": 1810,
      "mrr": 0.28300026059150696,
      "hits_at_1": 0.22900552486187845,
      "hits_at_3": 0.3027624309392265,
      "hits_at_10": 0.37955801104972375,
      "mrr_head": 0.06425847113132477,
      "hits_at_10_head": 0.10497237569060773,
      "mrr_tail": 0.5017420649528503,
      "hits_at_10_tail": 0.6541436464088398
    },
    "mid": {
      "n": 5664,
      "mrr": 0.26781243085861206,
      "hits_at_1": 0.20162429378531074,
      "hits_at_3": 0.2914018361581921,
      "hits_at_10": 0.395215395480226,
      "mrr_head": 0.07289319485425949,
      "hits_at_10_head": 0.1507768361581921,
      "mrr_tail": 0.46273165941238403,
      "hits_at_10_tail": 0.6396539548022598
    },
    "high": {
      "n": 12914,
      "mrr": 0.3082658350467682,
      "hits_at_1": 0.2155412730370141,
      "hits_at_3": 0.34168344432398945,
      "hits_at_10": 0.49581849155954777,
      "mrr_head": 0.25559887290000916,
      "hits_at_10_head": 0.4485829332507356,
      "mrr_tail": 0.360932856798172,
      "hits_at_10_tail": 0.5430540498683599
    }
  },
  "tail_degree": {
    "low": {
      "n": 1478,
      "mrr": 0.18783147633075714,
      "hits_at_1": 0.12990527740189445,
      "hits_at_3": 0.19993234100135318,
      "hits_at_10": 0.3061569688768606,
      "mrr_head": 0.2997334599494934,
      "hits_at_10_head": 0.4817320703653586,
      "mrr_tail": 0.07592952996492386,
      "hits_at_10_tail": 0.13058186738836267
    },
    "mid": {
      "n": 3029,
      "mrr": 0.17455598711967468,
      "hits_at_1": 0.10135358204027732,
      "hits_at_3": 0.19313304721030042,
      "hits_at_10": 0.3197424892703863,
      "mrr_head": 0.26583656668663025,
      "hits_at_10_head": 0.4546054803565533,
      "mrr_tail": 0.08327542990446091,
      "hits_at_10_tail": 0.18487949818421923
    },
    "high": {
      "n": 15849,
      "mrr": 0.3303106129169464,
      "hits_at_1": 0.24392706164426778,
      "hits_at_3": 0.3643763013439334,
      "hits_at_10": 0.5005994069026437,
      "mrr_head": 0.17162258923053741,
      "hits_at_10_head": 0.30664395229982966,
      "mrr_tail": 0.488998681306839,
      "hits_at_10_tail": 0.6945548615054578
    }
  }
}