{
  "losses": [
    0.8318700095764676,
    0.6109014391002798,
    0.5492751143480602,
    0.5161033957300329,
    0.48103600068199903,
    0.441281209986909,
    0.39246151624317455,
    0.342440421083816,
    0.2942148613974564,
    0.2485780794929741,
    0.20693295757125194,
    0.17376408787598288,
    0.14582455796854837,
    0.12439656697381708,
    0.10701992511189073,
    0.092777124080891,
    0.08302347717764683,
    0.07437370423423617,
    0.0674589654724849,
    0.0622595918497869,
    0.056743795430301724,
    0.05388936649699856,
    0.051426413616067486,
    0.04961803224974109,
    0.046858806275111395,
    0.04540428160024541,
    0.04353196546435356,
    0.0423256677568407,
    0.04151919284569366,
    0.03967127921689946,
    0.03938168351699535,
    0.0382821552203338,
    0.03647461866861895,
    0.03635351761083182,
    0.03587708648126152,
    0.03581340000369495,
    0.03412478188178817,
    0.03384743444621563,
    0.032693442608460896,
    0.032561770234172956,
    0.031954767637627016,
    0.03122890242760567,
    0.030711331663835318,
    0.030445187562670475,
    0.03028048397763107,
    0.02982897405281551,
    0.029183410066074895,
    0.02815852059345496,
    0.02842622141780934,
    0.02838282128165763
  ],
  "metrics": {
    "both": {
      "optimistic": {
        "adjusted_arithmetic_mean_rank": 0.04163716320160118,
        "adjusted_arithmetic_mean_rank_index": 0.9584971615783593,
        "adjusted_geometric_mean_rank_index": 0.9956364844602917,
        "adjusted_hits_at_k": 0.4236089321084687,
        "adjusted_inverse_harmonic_mean_rank": 0.26008465411645626,
        "arithmetic_mean_rank": 297.1090126235444,
        "count": 40876.0,
        "geometric_mean_rank": 23.879977130351687,
        "harmonic_mean_rank": 3.8371225747087623,
        "hits_at_1": 0.17893140228985224,
        "hits_at_10": 0.4240140913983756,
        "hits_at_3": 0.28598688717095605,
        "hits_at_5": 0.34303747920540173,
        "inverse_arithmetic_mean_rank": 0.003365767975766734,
        "inverse_geometric_mean_rank": 0.04187608700550178,
        "inverse_harmonic_mean_rank": 0.260611950890284,
        "inverse_median_rank": 0.05263157894736842,
        "median_absolute_deviation": 26.686839933100835,
        "median_rank": 19.0,
        "standard_deviation": 928.704878975076,
        "variance": 862492.7522321106,
        "z_arithmetic_mean_rank": 335.2185683150578,
        "z_geometric_mean_rank": 201.6422717899843,
        "z_hits_at_k": 3229.185072185897,
        "z_inverse_harmonic_mean_rank": 4897.551416178698
      },
      "pessimistic": {
        "adjusted_arithmetic_mean_rank": 0.04163722834201559,
        "adjusted_arithmetic_mean_rank_index": 0.9584970964288148,
        "adjusted_geometric_mean_rank_index": 0.9956364821519729,
        "adjusted_hits_at_k": 0.4236089321084687,
        "adjusted_inverse_harmonic_mean_rank": 0.26008465289338734,
        "arithmetic_mean_rank": 297.1094774439769,
        "count": 40876.0,
        "geometric_mean_rank": 23.879989233959865,
        "harmonic_mean_rank": 3.8371225927037966,
        "hits_at_1": 0.17893140228985224,
        "hits_at_10": 0.4240140913983756,
        "hits_at_3": 0.28598688717095605,
        "hits_at_5": 0.34303747920540173,
        "inverse_arithmetic_mean_rank": 0.003365762710105942,
        "inverse_geometric_mean_rank": 0.04187606578054459,
        "inverse_harmonic_mean_rank": 0.26061194966808665,
        "inverse_median_rank": 0.05263157894736842,
        "median_absolute_deviation": 26.686839933100835,
        "median_rank": 19.0,
        "standard_deviation": 928.7063869769988,
        "variance": 862495.5532118711,
        "z_arithmetic_mean_rank": 335.2185455300795,
        "z_geometric_mean_rank": 201.64227132248973,
        "z_hits_at_k": 3229.185072185897,
        "z_inverse_harmonic_mean_rank": 4897.55139314757
      },
      "realistic": {
        "adjusted_arithmetic_mean_rank": 0.04163719687835171,
        "adjusted_arithmetic_mean_rank_index": 0.9584971278968886,
        "adjusted_geometric_mean_rank_index": 0.9956364831688528,
        "adjusted_hits_at_k": 0.4236089321084687,
        "adjusted_inverse_harmonic_mean_rank": 0.2600846545776667,
        "arithmetic_mean_rank": 297.1092529296875,
        "count": 40876.0,
        "geometric_mean_rank": 23.87998390197754,
        "harmonic_mean_rank": 3.837122678756714,
        "hits_at_1": 0.17893140228985224,
        "hits_at_10": 0.4240140913983756,
        "hits_at_3": 0.28598688717095605,
        "hits_at_5": 0.34303747920540173,
        "inverse_arithmetic_mean_rank": 0.0033657653257250786,
        "inverse_geometric_mean_rank": 0.04187607392668724,
        "inverse_harmonic_mean_rank": 0.26061195135116577,
        "inverse_median_rank": 0.05263157933950424,
        "median_absolute_deviation": 26.686840057373047,
        "median_rank": 19.0,
        "standard_deviation": 928.70556640625,
        "variance": 862494.0625,
        "z_arithmetic_mean_rank": 335.2185565355191,
        "z_geometric_mean_rank": 201.64227152843435,
        "z_hits_at_k": 3229.185072185897,
        "z_inverse_harmonic_mean_rank": 4897.55142486357
      }
    },
    "head": {
      "optimistic": {
        "adjusted_arithmetic_mean_rank": 0.05203907593288365,
        "adjusted_arithmetic_mean_rank_index": 0.9480956610851584,
        "adjusted_geometric_mean_rank_index": 0.9920736126672657,
        "adjusted_hits_at_k": 0.3113289522282624,
        "adjusted_inverse_harmonic_mean_rank": 0.16977461437967234,
        "arithmetic_mean_rank": 366.1801546139544,
        "count": 20438.0,
        "geometric_mean_rank": 41.936073449422196,
        "harmonic_mean_rank": 5.869403006487744,
        "hits_at_1": 0.10059692729229866,
        "hits_at_10": 0.31182111752617675,
        "hits_at_3": 0.18211175261767296,
        "hits_at_5": 0.23373128486153244,
        "inverse_arithmetic_mean_rank": 0.0027308962197971935,
        "inverse_geometric_mean_rank": 0.023845818593533064,
        "inverse_harmonic_mean_rank": 0.17037507884441572,
        "inverse_median_rank": 0.023809523809523808,
        "median_absolute_deviation": 60.78669095872968,
        "median_rank": 42.0,
        "standard_deviation": 1010.4022278938357,
        "variance": 1020912.6621328269,
        "z_arithmetic_mean_rank": 234.21395883425922,
        "z_geometric_mean_rank": 142.07928177721686,
        "z_hits_at_k": 1664.3129061401853,
        "z_inverse_harmonic_mean_rank": 2242.0086389496078
      },
      "pessimistic": {
        "adjusted_arithmetic_mean_rank": 0.05203915242013647,
        "adjusted_arithmetic_mean_rank_index": 0.9480955845870341,
        "adjusted_geometric_mean_rank_index": 0.9920736085851889,
        "adjusted_hits_at_k": 0.3113289522282624,
        "adjusted_inverse_harmonic_mean_rank": 0.16977461304474517,
        "arithmetic_mean_rank": 366.1806928270868,
        "count": 20438.0,
        "geometric_mean_rank": 41.93609453143431,
        "harmonic_mean_rank": 5.869403052442579,
        "hits_at_1": 0.10059692729229866,
        "hits_at_10": 0.31182111752617675,
        "hits_at_3": 0.18211175261767296,
        "hits_at_5": 0.23373128486153244,
        "inverse_arithmetic_mean_rank": 0.0027308922059203363,
        "inverse_geometric_mean_rank": 0.02384580660582076,
        "inverse_harmonic_mean_rank": 0.17037507751045405,
        "inverse_median_rank": 0.023809523809523808,
        "median_absolute_deviation": 60.78669095872968,
        "median_rank": 42.0,
        "standard_deviation": 1010.4040767253006,
        "variance": 1020916.3982631072,
        "z_arithmetic_mean_rank": 234.21393993645253,
        "z_geometric_mean_rank": 142.07928119260444,
        "z_hits_at_k": 1664.3129061401853,
        "z_inverse_harmonic_mean_rank": 2242.008621320834
      },
      "realistic": {
        "adjusted_arithmetic_mean_rank": 0.05203911363667194,
        "adjusted_arithmetic_mean_rank_index": 0.9480956233760112,