{
  "losses": [
    2.074946718108385,
    1.2593877541839629,
    0.7536416123236033,
    0.4654737791620699,
    0.3239453352035436,
    0.25268930202364026,
    0.2153025551285959,
    0.19470384263230445,
    0.18094308405442344,
    0.17135421567617504,
    0.16366594094306902,
    0.15826007443711274,
    0.1528318361904388,
    0.14911131661637386,
    0.14653081043546362,
    0.14273734794075327,
    0.14035620686030925,
    0.1379374203769336,
    0.13542370005209642,
    0.13354777376678653,
    0.13183067929475828,
    0.13074918379797076,
    0.1294056002358745,
    0.12875944888569357,
    0.1272751549188804,
    0.1263046217031945,
    0.12471582844181169,
    0.12427000387718803,
    0.12346803469765455,
    0.12282240281539752,
    0.12221406750324973,
    0.12137647981482341,
    0.12078570207594928,
    0.12045193200272725,
    0.11992246195449865,
    0.11912916278592627,
    0.11847023055293507,
    0.11868078211196383,
    0.1186783281820161,
    0.1177087878542287,
    0.11769242971239233,
    0.11701741363657148,
    0.11701770955906775,
    0.11650641324152623,
    0.1161322200152659
  ],
  "metrics": {
    "both": {
      "optimistic": {
        "adjusted_arithmetic_mean_rank": 0.027520580565383417,
        "adjusted_arithmetic_mean_rank_index": 0.9726157228042965,
        "adjusted_geometric_mean_rank_index": 0.996617099437687,
        "adjusted_hits_at_k": 0.4590335785253497,
        "adjusted_inverse_harmonic_mean_rank": 0.2784589883051827,
        "arithmetic_mean_rank": 196.37775222624524,
        "count": 40876.0,
        "geometric_mean_rank": 18.738148700428415,
        "harmonic_mean_rank": 3.5845738347379243,
        "hits_at_1": 0.18793424014091398,
        "hits_at_10": 0.4594138369703494,
        "hits_at_3": 0.3115275467266856,
        "hits_at_5": 0.3730061649867893,
        "inverse_arithmetic_mean_rank": 0.005092226531078266,
        "inverse_geometric_mean_rank": 0.05336706501732141,
        "inverse_harmonic_mean_rank": 0.2789731907065354,
        "inverse_median_rank": 0.07142857142857142,
        "median_absolute_deviation": 19.273828840572826,
        "median_rank": 14.0,
        "standard_deviation": 556.2720595363047,
        "variance": 309438.60422076215,
        "z_arithmetic_mean_rank": 340.1563021660727,
        "z_geometric_mean_rank": 201.8408718160776,
        "z_hits_at_k": 3499.2283378636953,
        "z_inverse_harmonic_mean_rank": 5243.551247399205
      },
      "pessimistic": {
        "adjusted_arithmetic_mean_rank": 0.027520607992926327,
        "adjusted_arithmetic_mean_rank_index": 0.9726156953729094,
        "adjusted_geometric_mean_rank_index": 0.9966170971101714,
        "adjusted_hits_at_k": 0.4590335785253497,
        "adjusted_inverse_harmonic_mean_rank": 0.27845898063013896,
        "arithmetic_mean_rank": 196.37794794011157,
        "count": 40876.0,
        "geometric_mean_rank": 18.738160904693682,
        "harmonic_mean_rank": 3.584573933285586,
        "hits_at_1": 0.18793424014091398,
        "hits_at_10": 0.4594138369703494,
        "hits_at_3": 0.3115275467266856,
        "hits_at_5": 0.3730061649867893,
        "inverse_arithmetic_mean_rank": 0.005092221456071866,
        "inverse_geometric_mean_rank": 0.05336703025906412,
        "inverse_harmonic_mean_rank": 0.2789731830369613,
        "inverse_median_rank": 0.07142857142857142,
        "median_absolute_deviation": 19.273828840572826,
        "median_rank": 14.0,
        "standard_deviation": 556.272391971708,
        "variance": 309438.9740699255,
        "z_arithmetic_mean_rank": 340.1562925723976,
        "z_geometric_mean_rank": 201.84087134469522,
        "z_hits_at_k": 3499.2283378636953,
        "z_inverse_harmonic_mean_rank": 5243.551102873487
      },
      "realistic": {
        "adjusted_arithmetic_mean_rank": 0.027520594743074417,
        "adjusted_arithmetic_mean_rank_index": 0.9726157086246183,
        "adjusted_geometric_mean_rank_index": 0.9966170985304232,
        "adjusted_hits_at_k": 0.4590335785253497,
        "adjusted_inverse_harmonic_mean_rank": 0.2784589895761002,
        "arithmetic_mean_rank": 196.3778533935547,
        "count": 40876.0,
        "geometric_mean_rank": 18.7381534576416,
        "harmonic_mean_rank": 3.584573745727539,
        "hits_at_1": 0.18793424014091398,
        "hits_at_10": 0.4594138369703494,
        "hits_at_3": 0.3115275467266856,
        "hits_at_5": 0.3730061649867893,
        "inverse_arithmetic_mean_rank": 0.005092224106192589,
        "inverse_geometric_mean_rank": 0.05336705222725868,
        "inverse_harmonic_mean_rank": 0.27897319197654724,
        "inverse_median_rank": 0.0714285746216774,
        "median_absolute_deviation": 19.273828506469727,
        "median_rank": 14.0,
        "standard_deviation": 556.272216796875,
        "variance": 309438.78125,
        "z_arithmetic_mean_rank": 340.1562972069642,
        "z_geometric_mean_rank": 201.84087163233312,
        "z_hits_at_k": 3499.2283378636953,
        "z_inverse_harmonic_mean_rank": 5243.551271331351
      }
    },
    "head": {
      "optimistic": {
        "adjusted_arithmetic_mean_rank": 0.037860738177712135,
        "adjusted_arithmetic_mean_rank_index": 0.9622760140573092,
        "adjusted_geometric_mean_rank_index": 0.9935420112098398,
        "adjusted_hits_at_k": 0.33967879486316005,
        "adjusted_inverse_harmonic_mean_rank": 0.1833189034699664,
        "arithmetic_mean_rank": 266.4123201878853,
        "count": 20438.0,
        "geometric_mean_rank": 34.35248359082483,
        "harmonic_mean_rank": 5.437454882449444,
        "hits_at_1": 0.10646834328212154,
        "hits_at_10": 0.3401506996770721,
        "hits_at_3": 0.20187885311674333,
        "hits_at_5": 0.25594480868969566,
        "inverse_arithmetic_mean_rank": 0.0037535801621139645,
        "inverse_geometric_mean_rank": 0.029109976789773912,
        "inverse_harmonic_mean_rank": 0.18390957196311003,
        "inverse_median_rank": 0.029411764705882353,
        "median_absolute_deviation": 48.92587321068486,
        "median_rank": 34.0,
        "standard_deviation": 656.5485401960124,
        "variance": 431055.9856335149,
        "z_arithmetic_mean_rank": 237.71701948899656,
        "z_geometric_mean_rank": 142.2895776742428,
        "z_hits_at_k": 1815.8664595331559,
        "z_inverse_harmonic_mean_rank": 2420.871734942044
      },
      "pessimistic": {
        "adjusted_arithmetic_mean_rank": 0.037860779898031854,
        "adjusted_arithmetic_mean_rank_index": 0.9622759723310597,
        "adjusted_geometric_mean_rank_index": 0.9935420037298773,
        "adjusted_hits_at_k": 0.33967879486316005,
        "adjusted_inverse_harmonic_mean_rank": 0.18331888846342798,
        "arithmetic_mean_rank": 266.4126137586848,
        "count": 20438.0,
        "geometric_mean_rank": 34.3525222213231,
        "harmonic_mean_rank": 5.4374553258106335,
        "hits_at_1": 0.10646834328212154,
        "hits_at_10": 0.3401506996770721,
        "hits_at_3": 0.20187885311674333,
        "hits_at_5": 0.25594480868969566,
        "inverse_arithmetic_mean_rank": 0.003753576025892659,
        "inverse_geometric_mean_rank": 0.029109944054683874,
        "inverse_harmonic_mean_rank": 0.18390955696742514,
        "inverse_median_rank": 0.029411764705882353,
        "median_absolute_deviation": 48.92587321068486,
        "median_rank": 34.0,
        "standard_deviation": 656.5490143551492,
        "variance": 431056.6082507179,
        "z_arithmetic_mean_rank": 237.717009181102,
        "z_geometric_mean_rank": 142.28957660300406,
        "z_hits_at_k": 1815.8664595331559,
        "z_inverse_harmonic_mean_rank": 2420.8715367687837
      },
      "realistic": {
        "adjusted_arithmetic_mean_rank": 0.03786076026184459,
        "adjusted_arithmetic_mean_rank_index": 0.9622759919700379,
        "adjusted_geometric_mean_rank_index": 0.9935420063780174,
        "adjusted_hits_at_k": 0.33967879486316005,