{
  "losses": [
    0.8600844796887017,
    0.5077374491252398,
    0.3042811566501632,
    0.18498160107467407,
    0.12318577945120353,
    0.09014246441928067,
    0.0716922085984309,
    0.06066599411231683,
    0.05406211899187332,
    0.04938934249033157,
    0.04633786017425302,
    0.04317538649600027,
    0.04033304405699771,
    0.04030496199944414,
    0.03830123589115035
  ],
  "metrics": {
    "both": {
      "optimistic": {
        "adjusted_arithmetic_mean_rank": 0.0925105789061542,
        "adjusted_arithmetic_mean_rank_index": 0.9076166154216352,
        "adjusted_geometric_mean_rank_index": 0.9860480146569494,
        "adjusted_hits_at_k": 0.26222726716024525,
        "adjusted_inverse_harmonic_mean_rank": 0.12797363893450306,
        "arithmetic_mean_rank": 660.1248654467169,
        "count": 40876.0,
        "geometric_mean_rank": 74.15686232054827,
        "harmonic_mean_rank": 7.776347037997179,
        "hits_at_1": 0.05653684313533614,
        "hits_at_10": 0.26274586554457385,
        "hits_at_3": 0.15206967413641256,
        "hits_at_5": 0.19600743712692045,
        "inverse_arithmetic_mean_rank": 0.0015148649177504992,
        "inverse_geometric_mean_rank": 0.013484928686403011,
        "inverse_harmonic_mean_rank": 0.12859508392742114,
        "inverse_median_rank": 0.012195121951219513,
        "median_absolute_deviation": 118.60817748044816,
        "median_rank": 82.0,
        "standard_deviation": 1447.5269836684063,
        "variance": 2095334.3684481545,
        "z_arithmetic_mean_rank": 317.4239367590718,
        "z_geometric_mean_rank": 199.70035717849677,
        "z_hits_at_k": 1998.967237114683,
        "z_inverse_harmonic_mean_rank": 2409.821058940978
      },
      "pessimistic": {
        "adjusted_arithmetic_mean_rank": 0.09251069204476872,
        "adjusted_arithmetic_mean_rank_index": 0.9076165022671631,
        "adjusted_geometric_mean_rank_index": 0.9860480081240615,
        "adjusted_hits_at_k": 0.26222726716024525,
        "adjusted_inverse_harmonic_mean_rank": 0.12797363847543086,
        "arithmetic_mean_rank": 660.1256727664155,
        "count": 40876.0,
        "geometric_mean_rank": 74.15689657557161,
        "harmonic_mean_rank": 7.776347065738213,
        "hits_at_1": 0.05653684313533614,
        "hits_at_10": 0.26274586554457385,
        "hits_at_3": 0.15206967413641256,
        "hits_at_5": 0.19600743712692045,
        "inverse_arithmetic_mean_rank": 0.00151486306510283,
        "inverse_geometric_mean_rank": 0.013484922457359346,
        "inverse_harmonic_mean_rank": 0.1285950834686761,
        "inverse_median_rank": 0.012195121951219513,
        "median_absolute_deviation": 118.60817748044816,
        "median_rank": 82.0,
        "standard_deviation": 1447.5285686053785,
        "variance": 2095338.9569287358,
        "z_arithmetic_mean_rank": 317.4238971851621,
        "z_geometric_mean_rank": 199.70035585541711,
        "z_hits_at_k": 1998.967237114683,
        "z_inverse_harmonic_mean_rank": 2409.821050296371
      },
      "realistic": {
        "adjusted_arithmetic_mean_rank": 0.09251063197670874,
        "adjusted_arithmetic_mean_rank_index": 0.9076165623436422,
        "adjusted_geometric_mean_rank_index": 0.9860480106673805,
        "adjusted_hits_at_k": 0.26222726716024525,
        "adjusted_inverse_harmonic_mean_rank": 0.12797363895904948,
        "arithmetic_mean_rank": 660.125244140625,
        "count": 40876.0,
        "geometric_mean_rank": 74.1568832397461,
        "harmonic_mean_rank": 7.7763471603393555,
        "hits_at_1": 0.05653684313533614,
        "hits_at_10": 0.26274586554457385,
        "hits_at_3": 0.15206967413641256,
        "hits_at_5": 0.19600743712692045,
        "inverse_arithmetic_mean_rank": 0.001514864037744701,
        "inverse_geometric_mean_rank": 0.013484925031661987,
        "inverse_harmonic_mean_rank": 0.12859508395195007,
        "inverse_median_rank": 0.012195121496915817,
        "median_absolute_deviation": 118.6081771850586,
        "median_rank": 82.0,
        "standard_deviation": 1447.5277099609375,
        "variance": 2095336.625,
        "z_arithmetic_mean_rank": 317.4239181959195,
        "z_geometric_mean_rank": 199.70035637050535,
        "z_hits_at_k": 1998.967237114683,
        "z_inverse_harmonic_mean_rank": 2409.8210594032025
      }
    },
    "head": {
      "optimistic": {
        "adjusted_arithmetic_mean_rank": 0.1119448658187079,
        "adjusted_arithmetic_mean_rank_index": 0.8881813565788601,
        "adjusted_geometric_mean_rank_index": 0.973754474447313,
        "adjusted_hits_at_k": 0.15542929946571613,
        "adjusted_inverse_harmonic_mean_rank": 0.0714025399892052,
        "arithmetic_mean_rank": 787.7155298952931,
        "count": 20438.0,
        "geometric_mean_rank": 136.54583149204453,
        "harmonic_mean_rank": 13.874599491802929,
        "hits_at_1": 0.027889225951658676,
        "hits_at_10": 0.156032879929543,
        "hits_at_3": 0.0728055582738037,
        "hits_at_5": 0.10274977982190038,
        "inverse_arithmetic_mean_rank": 0.0012694938236560154,
        "inverse_geometric_mean_rank": 0.007323548357887896,
        "inverse_harmonic_mean_rank": 0.07207415252532492,
        "inverse_median_rank": 0.005952380952380952,
        "median_absolute_deviation": 241.6641616164131,
        "median_rank": 168.0,
        "standard_deviation": 1508.0141595996145,
        "variance": 2274106.7055529314,
        "z_arithmetic_mean_rank": 219.41295612408965,
        "z_geometric_mean_rank": 139.455716472106,
        "z_hits_at_k": 830.899237740845,
        "z_inverse_harmonic_mean_rank": 942.9272573150394
      },
      "pessimistic": {
        "adjusted_arithmetic_mean_rank": 0.1119450048864403,
        "adjusted_arithmetic_mean_rank_index": 0.8881812174913615,
        "adjusted_geometric_mean_rank_index": 0.9737544554618797,
        "adjusted_hits_at_k": 0.15542929946571613,
        "adjusted_inverse_harmonic_mean_rank": 0.07140253916453305,
        "arithmetic_mean_rank": 787.7165084646247,
        "count": 20438.0,
        "geometric_mean_rank": 136.54592954290433,
        "harmonic_mean_rank": 13.87459965044122,
        "hits_at_1": 0.027889225951658676,
        "hits_at_10": 0.156032879929543,
        "hits_at_3": 0.0728055582738037,
        "hits_at_5": 0.10274977982190038,
        "inverse_arithmetic_mean_rank": 0.0012694922465813839,
        "inverse_geometric_mean_rank": 0.007323543098996505,
        "inverse_harmonic_mean_rank": 0.07207415170124923,
        "inverse_median_rank": 0.005952380952380952,
        "median_absolute_deviation": 241.6641616164131,
        "median_rank": 168.0,
        "standard_deviation": 1508.0155825240138,
        "variance": 2274110.9971352406,
        "z_arithmetic_mean_rank": 219.41292176444114,
        "z_geometric_mean_rank": 139.4557137531175,
        "z_hits_at_k": 830.899237740845,
        "z_inverse_harmonic_mean_rank": 942.9272464245887
      },
      "realistic": {
        "adjusted_arithmetic_mean_rank": 0.11194493311258542,
        "adjusted_arithmetic_mean_rank_index": 0.8881812892754178,
        "adjusted_geometric_mean_rank_index": 0.973754449666629,
        "adjusted_hits_at_k": 0.15542929946571613,
        "adjusted_inverse_harmonic_mean_rank": 0.07140253999312277,
        "arithmetic_mean_rank": 787.7160034179688,
        "count": 20438.0,
        "geometric_mean_rank": 136.54595947265625,
        "harmonic_mean_rank": 13.87459945678711,
        "hits_at_1": 0.027889225951658676,
        "hits_at_10": 0.156032879929543,
        "hits_at_3": 0.0728055582738037,
        "hits_at_5": 0.10274977982190038,
        "inverse_arithmetic_mean_rank": 0.001269493019208312,
        "inverse_geometric_mean_rank": 0.0073235416784882545,
        "inverse_harmonic_mean_rank": 0.07207415252923965,
        "inverse_median_rank": 0.0059523810632526875,
        "median_absolute_deviation": 241.66416931152344,
        "median_rank": 168.0,