{
  "losses": [
    8.986791610717773
  ],
  "val_mrrs": [
    0.0005194299155846238
  ],
  "best_epoch": 1
}