{
  "losses": [
    2.908990842955453,
    1.754330449086383,
    0.9358463078961337,
    0.65163913817334,
    0.5960304481642587,
    0.5815945003265724,
    0.5741173806495237,
    0.5660759461553473,
    0.5572284058968824,
    0.5484050859634141,
    0.5379698935307955,
    0.5268179991639647,
    0.514337127145968,
    0.5014862462990266,
    0.4873181891844685,
    0.4729109657438178,
    0.45813261622324924,
    0.4433575096659194,
    0.4282725844392203,
    0.41353742487000344,
    0.39944367233971906,
    0.3848732064541121,
    0.3717653586676246,
    0.3587705726014044,
    0.3453397466275925,
    0.3332441593695404,
    0.32122386879938886,
    0.30980691638656127,
    0.2985052461910965,
    0.28794732891527336,
    0.27786163582389517,
    0.2679608636780789,
    0.2584826240414067,
    0.24942225834032647,
    0.24103326367256336,
    0.2328836441152078,
    0.22490354128798148,
    0.21828308225350274,
    0.21137048757838128,
    0.204304400075199,
    0.19912165313735045,
    0.19370232528089582,
    0.18862349052626387,
    0.1841789412879406,
    0.18003578545679724,
    0.1761260719451689,
    0.17256078751463638,
    0.16913060967187235,
    0.16533898338115305,
    0.16288924150000839
  ],
  "val_mrrs": [
    0.0037958375178277493,
    0.02003341354429722,
    0.022810939699411392,
    0.023637650534510612,
    0.022143807262182236,
    0.020321298390626907,
    0.024508161470294,
    0.025344187393784523,
    0.025635918602347374,
    0.026422569528222084,
    0.027320915833115578,
    0.02905227802693844,
    0.030284499749541283,
    0.03248785808682442,
    0.03491196781396866,
    0.038630418479442596,
    0.04298766329884529,
    0.04824088513851166,
    0.05458088591694832,
    0.06145455688238144,
    0.06875575333833694,
    0.07696084678173065,
    0.0856545940041542,
    0.09422533214092255,
    0.10378967970609665,
    0.11307112872600555,
    0.12236082553863525,
    0.13063639402389526,
    0.13992300629615784,
    0.14906950294971466,
    0.15830042958259583,
    0.1668158620595932,
    0.17432726919651031,
    0.1811780333518982,
    0.18781933188438416,
    0.1943683624267578,
    0.1999286562204361,
    0.20507656037807465,
    0.21061430871486664,
    0.21499140560626984,
    0.21990171074867249,
    0.22427868843078613,
    0.22899089753627777,
    0.23257148265838623,
    0.23615548014640808,
    0.23944145441055298,
    0.24229414761066437,
    0.24411720037460327,
    0.2469729781150818,
    0.24817344546318054
  ],
  "best_epoch": 50
}