{
  "checkpoint": "artifacts/custom/RotatE_random/trained_model.pkl",
  "num_test_triples": 20438,
  "global": {
    "n": 20438,
    "mrr": 0.2702363431453705,
    "hits_at_1": 0.18935316567178784,
    "hits_at_3": 0.30039632057931304,
    "hits_at_10": 0.427977297191506,
    "mrr_head": 0.16915658116340637,
    "hits_at_10_head": 0.30105685487816813,
    "mrr_tail": 0.3713161051273346,
    "hits_at_10_tail": 0.5548977395048439
  },
  "relation_frequency": {
    "low": {
      "n": 849,
      "mrr": 0.3821467161178589,
      "hits_at_1": 0.30624263839811544,
      "hits_at_3": 0.4134275618374558,
      "hits_at_10": 0.519434628975265,
      "mrr_head": 0.3282487094402313,
      "hits_at_10_head": 0.4628975265017668,
      "mrr_tail": 0.43604469299316406,
      "hits_at_10_tail": 0.5759717314487632
    },
    "mid": {
      "n": 2172,
      "mrr": 0.33199453353881836,
      "hits_at_1": 0.2502302025782689,
      "hits_at_3": 0.3687845303867403,
      "hits_at_10": 0.4912523020257827,
      "mrr_head": 0.24931226670742035,
      "hits_at_10_head": 0.4120626151012891,
      "mrr_tail": 0.4146767258644104,
      "hits_at_10_tail": 0.5704419889502762
    },
    "high": {
      "n": 17417,
      "mrr": 0.2570796012878418,
      "hits_at_1": 0.17606361600734916,
      "hits_at_3": 0.2863581558247689,
      "hits_at_10": 0.41562840902566456,
      "mrr_head": 0.15140566229820251,
      "hits_at_10_head": 0.27932479761152895,
      "mrr_tail": 0.3627535402774811,
      "hits_at_10_tail": 0.5519320204398002
    }
  },
  "head_degree": {
    "low": {
      "n": 1810,
      "mrr": 0.2625323534011841,
      "hits_at_1": 0.21353591160220994,
      "hits_at_3": 0.28480662983425414,
      "hits_at_10": 0.34806629834254144,
      "mrr_head": 0.05087913200259209,
      "hits_at_10_head": 0.07403314917127071,
      "mrr_tail": 0.4741854965686798,
      "hits_at_10_tail": 0.6220994475138122
    },
    "mid": {
      "n": 5664,
      "mrr": 0.25050482153892517,
      "hits_at_1": 0.1865289548022599,
      "hits_at_3": 0.2741878531073446,
      "hits_at_10": 0.370409604519774,
      "mrr_head": 0.05832221359014511,
      "hits_at_10_head": 0.1193502824858757,
      "mrr_tail": 0.44268739223480225,
      "hits_at_10_tail": 0.6214689265536724
    },
    "high": {
      "n": 12914,
      "mrr": 0.2758345603942871,
      "hits_at_1": 0.18266997057457024,
      "hits_at_3": 0.3101285426668732,
      "hits_at_10": 0.46236642403593,
      "mrr_head": 0.2262391448020935,
      "hits_at_10_head": 0.4083939910175004,
      "mrr_tail": 0.3254300057888031,
      "hits_at_10_tail": 0.5163388570543596
    }
  },
  "tail_degree": {
    "low": {
      "n": 1478,
      "mrr": 0.1569628119468689,
      "hits_at_1": 0.10419485791610285,
      "hits_at_3": 0.17253044654939106,
      "hits_at_10": 0.2584573748308525,
      "mrr_head": 0.2506638169288635,
      "hits_at_10_head": 0.4140730717185386,
      "mrr_tail": 0.06326181441545486,
      "hits_at_10_tail": 0.10284167794316644
    },
    "mid": {
      "n": 3029,
      "mrr": 0.1540743112564087,
      "hits_at_1": 0.08567183889072301,
      "hits_at_3": 0.17348960052822715,
      "hits_at_10": 0.2860680092439749,
      "mrr_head": 0.23794329166412354,
      "hits_at_10_head": 0.4192802905249257,
      "mrr_tail": 0.07020530849695206,
      "hits_at_10_tail": 0.1528557279630241
    },
    "high": {
      "n": 15849,
      "mrr": 0.3012535870075226,
      "hits_at_1": 0.2148400530001893,
      "hits_at_3": 0.3348791721875197,
      "hits_at_10": 0.4704397753801502,
      "mrr_head": 0.14802318811416626,
      "hits_at_10_head": 0.2678402422865796,
      "mrr_tail": 0.4544839859008789,
      "hits_at_10_tail": 0.6730393084737207
    }
  }
}