{
  "losses": [
    0.8318700095764676,
    0.6109014391002798,
    0.5492751143480602,
    0.5161033957300329,
    0.48103600068199903,
    0.441281209986909,
    0.39246151624317455,
    0.342440421083816,
    0.2942148613974564,
    0.2485780794929741,
    0.20693295757125194,
    0.17376408787598288,
    0.14582455796854837,
    0.12439656697381708,
    0.10701992511189073
  ],
  "metrics": {
    "both": {
      "optimistic": {
        "adjusted_arithmetic_mean_rank": 0.10490971394567544,
        "adjusted_arithmetic_mean_rank_index": 0.895215742511005,
        "adjusted_geometric_mean_rank_index": 0.9918860900011591,
        "adjusted_hits_at_k": 0.37714315539855847,
        "adjusted_inverse_harmonic_mean_rank": 0.23311157320607223,
        "arithmetic_mean_rank": 748.6009883550249,
        "count": 40876.0,
        "geometric_mean_rank": 43.54507025856219,
        "harmonic_mean_rank": 4.279757617498713,
        "hits_at_1": 0.15916430179078186,
        "hits_at_10": 0.377580976612193,
        "hits_at_3": 0.2627214013112829,
        "hits_at_5": 0.3117966532928858,
        "inverse_arithmetic_mean_rank": 0.0013358251131853286,
        "inverse_geometric_mean_rank": 0.022964712057236186,
        "inverse_harmonic_mean_rank": 0.23365809220393327,
        "inverse_median_rank": 0.02702702702702703,
        "median_absolute_deviation": 53.37367986620167,
        "median_rank": 37.0,
        "standard_deviation": 1932.4998698307795,
        "variance": 3734555.7468959796,
        "z_arithmetic_mean_rank": 313.08693605672954,
        "z_geometric_mean_rank": 200.882719412534,
        "z_hits_at_k": 2874.9749006195793,
        "z_inverse_harmonic_mean_rank": 4389.631981023545
      },
      "pessimistic": {
        "adjusted_arithmetic_mean_rank": 0.10490978937141845,
        "adjusted_arithmetic_mean_rank_index": 0.8952156670746902,
        "adjusted_geometric_mean_rank_index": 0.9918860871176485,
        "adjusted_hits_at_k": 0.37714315539855847,
        "adjusted_inverse_harmonic_mean_rank": 0.23311157278326758,
        "arithmetic_mean_rank": 748.6015265681574,
        "count": 40876.0,
        "geometric_mean_rank": 43.54508537817305,
        "harmonic_mean_rank": 4.279757625237422,
        "hits_at_1": 0.15916430179078186,
        "hits_at_10": 0.377580976612193,
        "hits_at_3": 0.2627214013112829,
        "hits_at_5": 0.3117966532928858,
        "inverse_arithmetic_mean_rank": 0.001335824152783041,
        "inverse_geometric_mean_rank": 0.022964704083488822,
        "inverse_harmonic_mean_rank": 0.2336580917814299,
        "inverse_median_rank": 0.02702702702702703,
        "median_absolute_deviation": 53.37367986620167,
        "median_rank": 37.0,
        "standard_deviation": 1932.5007014471346,
        "variance": 3734558.961093667,
        "z_arithmetic_mean_rank": 313.08690967412304,
        "z_geometric_mean_rank": 200.88271882854815,
        "z_hits_at_k": 2874.9749006195793,
        "z_inverse_harmonic_mean_rank": 4389.631973061877
      },
      "realistic": {
        "adjusted_arithmetic_mean_rank": 0.10490975163929543,
        "adjusted_arithmetic_mean_rank_index": 0.8952157048121019,
        "adjusted_geometric_mean_rank_index": 0.991886087744311,
        "adjusted_hits_at_k": 0.37714315539855847,
        "adjusted_inverse_harmonic_mean_rank": 0.23311158614632477,
        "arithmetic_mean_rank": 748.6012573242188,
        "count": 40876.0,
        "geometric_mean_rank": 43.545082092285156,
        "harmonic_mean_rank": 4.279757499694824,
        "hits_at_1": 0.15916430179078186,
        "hits_at_10": 0.377580976612193,
        "hits_at_3": 0.2627214013112829,
        "hits_at_5": 0.3117966532928858,
        "inverse_arithmetic_mean_rank": 0.0013358246069401503,
        "inverse_geometric_mean_rank": 0.022964706644415855,
        "inverse_harmonic_mean_rank": 0.233658105134964,
        "inverse_median_rank": 0.027027027681469917,
        "median_absolute_deviation": 53.373680114746094,
        "median_rank": 37.0,
        "standard_deviation": 1932.500244140625,
        "variance": 3734557.25,
        "z_arithmetic_mean_rank": 313.08692287216013,
        "z_geometric_mean_rank": 200.8827189554636,
        "z_hits_at_k": 2874.9749006195793,
        "z_inverse_harmonic_mean_rank": 4389.63222469633
      }
    },
    "head": {
      "optimistic": {
        "adjusted_arithmetic_mean_rank": 0.12607933465769158,
        "adjusted_arithmetic_mean_rank_index": 0.8740448787581403,
        "adjusted_geometric_mean_rank_index": 0.9833819784690475,
        "adjusted_hits_at_k": 0.26065177238867837,
        "adjusted_inverse_harmonic_mean_rank": 0.14429037447945872,
        "arithmetic_mean_rank": 887.1746746256972,
        "count": 20438.0,
        "geometric_mean_rank": 86.82428809222488,
        "harmonic_mean_rank": 6.900869739106748,
        "hits_at_1": 0.0867990997162149,
        "hits_at_10": 0.2611801546139544,
        "hits_at_3": 0.15769644779332614,
        "hits_at_5": 0.20163421078383403,
        "inverse_arithmetic_mean_rank": 0.0011271737444736058,
        "inverse_geometric_mean_rank": 0.011517514533926252,
        "inverse_harmonic_mean_rank": 0.14490927054209843,
        "inverse_median_rank": 0.008695652173913044,
        "median_absolute_deviation": 169.01665290963862,
        "median_rank": 115.0,
        "standard_deviation": 1987.5286193023298,
        "variance": 3950270.012545826,
        "z_arithmetic_mean_rank": 215.92073422047514,
        "z_geometric_mean_rank": 140.83451412229152,
        "z_hits_at_k": 1393.4011138056007,
        "z_inverse_harmonic_mean_rank": 1905.4690083216244
      },
      "pessimistic": {
        "adjusted_arithmetic_mean_rank": 0.1260793972381712,
        "adjusted_arithmetic_mean_rank_index": 0.874044816168766,
        "adjusted_geometric_mean_rank_index": 0.9833819714902229,
        "adjusted_hits_at_k": 0.26065177238867837,
        "adjusted_inverse_harmonic_mean_rank": 0.1442903738400746,
        "arithmetic_mean_rank": 887.1751149818965,
        "count": 20438.0,
        "geometric_mean_rank": 86.82432413458113,
        "harmonic_mean_rank": 6.90086976953348,
        "hits_at_1": 0.0867990997162149,
        "hits_at_10": 0.2611801546139544,
        "hits_at_3": 0.15769644779332614,
        "hits_at_5": 0.20163421078383403,
        "inverse_arithmetic_mean_rank": 0.0011271731849922387,
        "inverse_geometric_mean_rank": 0.011517509752796468,
        "inverse_harmonic_mean_rank": 0.14490926990317674,
        "inverse_median_rank": 0.008695652173913044,
        "median_absolute_deviation": 169.01665290963862,
        "median_rank": 115.0,
        "standard_deviation": 1987.5290221944301,
        "variance": 3950271.614065148,
        "z_arithmetic_mean_rank": 215.9207187586333,
        "z_geometric_mean_rank": 140.83451312282295,
        "z_hits_at_k": 1393.4011138056007,
        "z_inverse_harmonic_mean_rank": 1905.468999878049
      },
      "realistic": {
        "adjusted_arithmetic_mean_rank": 0.12607936181511406,
        "adjusted_arithmetic_mean_rank_index": 0.8740448515968579,
        "adjusted_geometric_mean_rank_index": 0.9833819712139263,
        "adjusted_hits_at_k": 0.26065177238867837,
        "adjusted_inverse_harmonic_mean_rank": 0.1442903815007652,
        "arithmetic_mean_rank": 887.1748657226562,
        "count": 20438.0,
        "geometric_mean_rank": 86.82432556152344,
        "harmonic_mean_rank": 6.900869369506836,
        "hits_at_1": 0.0867990997162149,
        "hits_at_10": 0.2611801546139544,
        "hits_at_3": 0.15769644779332614,
        "hits_at_5": 0.20163421078383403,
        "inverse_arithmetic_mean_rank": 0.0011271735420450568,
        "inverse_geometric_mean_rank": 0.011517509818077087,
        "inverse_harmonic_mean_rank": 0.14490927755832672,
        "inverse_median_rank": 0.008695651777088642,
        "median_absolute_deviation": 169.01666259765625,
        "median_rank": 115.0,
        "standard_deviation": 1987.52880859375,