{
  "losses": [
    2.872743893386726,
    1.6685698063750016,
    0.8830627680272984,
    0.6524347019822974,
    0.6113216016525612,
    0.5998346975871495,
    0.5912253551913383,
    0.5832142222644692,
    0.5738515230946075,
    0.5629187488466277,
    0.5514925574897823,
    0.5380032360553741,
    0.5241345942468572,
    0.5089457242336488,
    0.4926873554188506,
    0.4760730844691284,
    0.45914486274683386,
    0.44268431755385007,
    0.42617111188128476,
    0.4104766245175125,
    0.3945104725154719,
    0.3793675650779466,
    0.36458150291801394,
    0.3499847954153118,
    0.336148202979475,
    0.32273760662043005,
    0.31031989591910425,
    0.2978639474936894,
    0.2856994544653068,
    0.27503095925750587,
    0.26468227411571305,
    0.25445953879813504,
    0.246020559137477,
    0.2370129197947961,
    0.2294412849092842,
    0.22170607482356236,
    0.21537694620682782,
    0.20956807527551077,
    0.20352861682947418,
    0.19861970920311778,
    0.1939443727409033,
    0.188913411775926,
    0.1849917339203053,
    0.18125117155618237,
    0.17835492685549242,
    0.17460312795146068,
    0.17142792163710846,
    0.1691386160209663,
    0.166921928805068,
    0.16429956733508216
  ],
  "metrics": {
    "both": {
      "optimistic": {
        "adjusted_arithmetic_mean_rank": 0.047490660270234526,
        "adjusted_arithmetic_mean_rank_index": 0.9526428440796387,
        "adjusted_geometric_mean_rank_index": 0.9956553830317172,
        "adjusted_hits_at_k": 0.43746542821901097,
        "adjusted_inverse_harmonic_mean_rank": 0.27599026939529214,
        "arithmetic_mean_rank": 338.8776299050788,
        "count": 40876.0,
        "geometric_mean_rank": 23.780882976091327,
        "harmonic_mean_rank": 3.616555026493621,
        "hits_at_1": 0.19348762109795478,
        "hits_at_10": 0.4378608474410412,
        "hits_at_3": 0.3080536255993737,
        "hits_at_5": 0.364884039534201,
        "inverse_arithmetic_mean_rank": 0.0029509177111516766,
        "inverse_geometric_mean_rank": 0.04205058327755844,
        "inverse_harmonic_mean_rank": 0.27650623111617234,
        "inverse_median_rank": 0.05555555555555555,
        "median_absolute_deviation": 25.204237714595234,
        "median_rank": 18.0,
        "standard_deviation": 1023.0403172652534,
        "variance": 1046611.4907501905,
        "z_arithmetic_mean_rank": 333.17111735844645,
        "z_geometric_mean_rank": 201.64609924200647,
        "z_hits_at_k": 3334.8136059617323,
        "z_inverse_harmonic_mean_rank": 5197.063776485724
      },
      "pessimistic": {
        "adjusted_arithmetic_mean_rank": 0.04749073226753467,
        "adjusted_arithmetic_mean_rank_index": 0.9526427720722475,
        "adjusted_geometric_mean_rank_index": 0.9956553781083649,
        "adjusted_hits_at_k": 0.43746542821901097,
        "adjusted_inverse_harmonic_mean_rank": 0.27599026199919524,
        "arithmetic_mean_rank": 338.8781436539779,
        "count": 40876.0,
        "geometric_mean_rank": 23.780908791557135,
        "harmonic_mean_rank": 3.616555123161714,
        "hits_at_1": 0.19348762109795478,
        "hits_at_10": 0.4378608474410412,
        "hits_at_3": 0.3080536255993737,
        "hits_at_5": 0.364884039534201,
        "inverse_arithmetic_mean_rank": 0.0029509132374765405,
        "inverse_geometric_mean_rank": 0.04205053762937046,
        "inverse_harmonic_mean_rank": 0.2765062237253462,
        "inverse_median_rank": 0.05555555555555555,
        "median_absolute_deviation": 25.204237714595234,
        "median_rank": 18.0,
        "standard_deviation": 1023.0413259995152,
        "variance": 1046613.5547028463,
        "z_arithmetic_mean_rank": 333.17109217504935,
        "z_geometric_mean_rank": 201.64609824489966,
        "z_hits_at_k": 3334.8136059617323,
        "z_inverse_harmonic_mean_rank": 5197.063637212744
      },
      "realistic": {
        "adjusted_arithmetic_mean_rank": 0.04749069372852227,
        "adjusted_arithmetic_mean_rank_index": 0.9526428106166615,
        "adjusted_geometric_mean_rank_index": 0.9956553806941324,
        "adjusted_hits_at_k": 0.43746542821901097,
        "adjusted_inverse_harmonic_mean_rank": 0.27599025360180324,
        "arithmetic_mean_rank": 338.87786865234375,
        "count": 40876.0,
        "geometric_mean_rank": 23.780895233154297,
        "harmonic_mean_rank": 3.6165552139282227,
        "hits_at_1": 0.19348762109795478,
        "hits_at_10": 0.4378608474410412,
        "hits_at_3": 0.3080536255993737,
        "hits_at_5": 0.364884039534201,
        "inverse_arithmetic_mean_rank": 0.002950915601104498,
        "inverse_geometric_mean_rank": 0.0420505627989769,
        "inverse_harmonic_mean_rank": 0.2765062153339386,
        "inverse_median_rank": 0.0555555559694767,
        "median_absolute_deviation": 25.204238891601562,
        "median_rank": 18.0,
        "standard_deviation": 1023.0408325195312,
        "variance": 1046612.5,
        "z_arithmetic_mean_rank": 333.1711056553222,
        "z_geometric_mean_rank": 201.6460987685848,
        "z_hits_at_k": 3334.8136059617323,
        "z_inverse_harmonic_mean_rank": 5197.063479084771
      }
    },
    "head": {
      "optimistic": {
        "adjusted_arithmetic_mean_rank": 0.06125659649101447,
        "adjusted_arithmetic_mean_rank_index": 0.9388768304084328,
        "adjusted_geometric_mean_rank_index": 0.9912060717278329,
        "adjusted_hits_at_k": 0.3137281617085905,
        "adjusted_inverse_harmonic_mean_rank": 0.1732208649366655,
        "arithmetic_mean_rank": 431.04051277032977,
        "count": 20438.0,
        "geometric_mean_rank": 46.41651556336425,
        "harmonic_mean_rank": 5.753116393626322,
        "hits_at_1": 0.10211370975633624,
        "hits_at_10": 0.31421861238868776,
        "hits_at_3": 0.1943438692631373,
        "hits_at_5": 0.2448869752421959,
        "inverse_arithmetic_mean_rank": 0.002319967544519017,
        "inverse_geometric_mean_rank": 0.021544055771159233,
        "inverse_harmonic_mean_rank": 0.1738188368842781,
        "inverse_median_rank": 0.020833333333333332,
        "median_absolute_deviation": 69.68230426976329,
        "median_rank": 48.0,
        "standard_deviation": 1103.8918788480523,
        "variance": 1218577.280186683,
        "z_arithmetic_mean_rank": 231.93657384322645,
        "z_geometric_mean_rank": 141.95503737436903,
        "z_hits_at_k": 1677.138681815929,
        "z_inverse_harmonic_mean_rank": 2287.5191149945394
      },
      "pessimistic": {
        "adjusted_arithmetic_mean_rank": 0.061256638211334195,
        "adjusted_arithmetic_mean_rank_index": 0.9388767886821833,
        "adjusted_geometric_mean_rank_index": 0.9912060630829985,
        "adjusted_hits_at_k": 0.3137281617085905,
        "adjusted_inverse_harmonic_mean_rank": 0.17322085891086386,
        "arithmetic_mean_rank": 431.04080634112927,
        "count": 20438.0,
        "geometric_mean_rank": 46.41656020987964,
        "harmonic_mean_rank": 5.753116592926162,
        "hits_at_1": 0.10211370975633624,
        "hits_at_10": 0.31421861238868776,
        "hits_at_3": 0.1943438692631373,
        "hits_at_5": 0.2448869752421959,
        "inverse_arithmetic_mean_rank": 0.0023199659644488318,
        "inverse_geometric_mean_rank": 0.021544035048662497,
        "inverse_harmonic_mean_rank": 0.17381883086283464,
        "inverse_median_rank": 0.020833333333333332,
        "median_absolute_deviation": 69.68230426976329,
        "median_rank": 48.0,
        "standard_deviation": 1103.8919239586673,
        "variance": 1218577.3797811682,
        "z_arithmetic_mean_rank": 231.9365635353319,
        "z_geometric_mean_rank": 141.9550361363038,
        "z_hits_at_k": 1677.138681815929,
        "z_inverse_harmonic_mean_rank": 2287.519035419042
      },
      "realistic": {
        "adjusted_arithmetic_mean_rank": 0.061256615909908406,
        "adjusted_arithmetic_mean_rank_index": 0.9388768109867788,