{
  "losses": [
    9.121552276611329
  ],
  "val_mrrs": [
    0.0007470773998647928
  ],
  "best_epoch": 1
}