{
  "losses": [
    9.035884850007252,
    8.92844944071949,
    8.750187601361956,
    8.487191842014628,
    8.112572994447293,
    7.599653821242483,
    6.939101272955873,
    6.2531287365389945,
    5.813541564726291,
    5.468443976309066,
    5.1348324467365005,
    4.822146689981446,
    4.544536269697032,
    4.283505826964414,
    4.062217678342547,
    3.852932480044831,
    3.65623248430123,
    3.511799120365229,
    3.3542450908431434,
    3.230207009423048,
    3.100148183958871,
    2.987929274265031,
    2.9164522465010334,
    2.820089403848003,
    2.752895662659093,
    2.6834545153424254,
    2.6086212746182778,
    2.5520598287869216,
    2.491275963926674,
    2.439926096371242,
    2.3907368443066015,
    2.3359293677753077,
    2.2926185704711686,
    2.237740553411326,
    2.195691310373464,
    2.142343948658248,
    2.1003887980504143,
    2.0638800917711473,
    2.0315129761409043,
    1.9917312443704533,
    1.9637284529836554,
    1.923728587035846,
    1.8888183209232818,
    1.8524649609300428,
    1.8311132869326083,
    1.8033497239414014,
    1.7727779504051782,
    1.745342442863866,
    1.714051996406756,
    1.6843485505061042
  ],
  "val_mrrs": [
    0.021490639075636864,
    0.02341344580054283,
    0.031609900295734406,
    0.03204057365655899,
    0.03343645855784416,
    0.042764946818351746,
    0.05109655112028122,
    0.05755206197500229,
    0.06264058500528336,
    0.06664220988750458,
    0.06906037032604218,
    0.0714520514011383,
    0.07341796159744263,
    0.07475345581769943,
    0.07619551569223404,
    0.07813110202550888,
    0.07879825681447983,
    0.08088820427656174,
    0.08200354874134064,
    0.08254720270633698,
    0.08435676991939545,
    0.08541792631149292,
    0.08630810678005219,
    0.08672098070383072,
    0.08798623830080032,
    0.08924831449985504,
    0.08989366888999939,
    0.09035415202379227,
    0.09067855030298233,
    0.09199480712413788,
    0.09248477965593338,
    0.09349063783884048,
    0.09384740889072418,
    0.09481438249349594,
    0.09572912007570267,
    0.0960976779460907,
    0.097443126142025,
    0.0973811149597168,
    0.09761746227741241,
    0.09812042862176895,
    0.09876303374767303,
    0.09976500272750854,
    0.0997990146279335,
    0.10042909532785416,
    0.10076145827770233,
    0.10129790753126144,
    0.10164045542478561,
    0.10176627337932587,
    0.10250034183263779,
    0.1024799793958664
  ],
  "best_epoch": 49
}