{
  "losses": [
    3.0069930858181833,
    1.922259443236473,
    1.100007298745607,
    0.7943877326814752,
    0.7401458502263951,
    0.7250690735820541,
    0.713977814392936,
    0.7023674108480152,
    0.6899097653708064,
    0.6763023601886922,
    0.6611364880450686,
    0.6438673985631842,
    0.625579940197163,
    0.6058818962340965,
    0.5850040379323458,
    0.5639827679422565,
    0.543057238921187,
    0.5227391412831787,
    0.5025768481699148,
    0.4834706185007454,
    0.46475969714329657,
    0.44739927037766103,
    0.4297734814927094,
    0.4142254167481473,
    0.3992953537998343,
    0.3850888502328916,
    0.37162619952420545,
    0.3595541883680157,
    0.3481525039314327,
    0.33699044798101696,
    0.3277353648852585,
    0.31878048775339485,
    0.31041490023297474,
    0.30238350083057147,
    0.2951429262197107,
    0.2885435693022004,
    0.28259306350596863,
    0.27747924469019236,
    0.27210878664837745,
    0.2671022847630924,
    0.26266051431123477,
    0.25900629795807645,
    0.25490171019744157,
    0.2514023724803351,
    0.24817962367507748,
    0.2454075811612875,
    0.24242631480433888,
    0.2398433846638615,
    0.23753992081584788,
    0.23516786132091866
  ],
  "val_mrrs": [
    0.0006677024066448212,
    0.004556237254291773,
    0.02128298208117485,
    0.023889027535915375,
    0.024858297780156136,
    0.025604620575904846,
    0.029198352247476578,
    0.029738899320364,
    0.03042684867978096,
    0.03157162293791771,
    0.032726701349020004,
    0.03509726747870445,
    0.03827855363488197,
    0.04249930381774902,
    0.04865334555506706,
    0.05651139095425606,
    0.0643237754702568,
    0.07398883253335953,
    0.08319373428821564,
    0.09271185100078583,
    0.10362955182790756,
    0.11573196947574615,
    0.12732559442520142,
    0.13976283371448517,
    0.1504487246274948,
    0.16071230173110962,
    0.17100539803504944,
    0.18017417192459106,
    0.18964846432209015,
    0.19601984322071075,
    0.2027888298034668,
    0.2089068740606308,
    0.21510876715183258,
    0.22095680236816406,
    0.22657273709774017,
    0.2319844514131546,
    0.23721367120742798,
    0.24072811007499695,
    0.24457290768623352,
    0.2486182600259781,
    0.25184789299964905,
    0.2550031542778015,
    0.2576776444911957,
    0.26028189063072205,
    0.262408971786499,
    0.26463583111763,
    0.2658001780509949,
    0.2676659822463989,
    0.26926714181900024,
    0.2709541916847229
  ],
  "best_epoch": 50
}