{
  "checkpoint": "artifacts/custom/RotatE_hard/trained_model.pkl",
  "num_test_triples": 20438,
  "global": {
    "n": 20438,
    "mrr": 0.29822617769241333,
    "hits_at_1": 0.21743810548977396,
    "hits_at_3": 0.32684215676680695,
    "hits_at_10": 0.4588022311380761,
    "mrr_head": 0.19391991198062897,
    "hits_at_10_head": 0.33745963401506995,
    "mrr_tail": 0.4025323987007141,
    "hits_at_10_tail": 0.5801448282610823
  },
  "relation_frequency": {
    "low": {
      "n": 849,
      "mrr": 0.41763192415237427,
      "hits_at_1": 0.33156654888103654,
      "hits_at_3": 0.46054181389870436,
      "hits_at_10": 0.5742049469964664,
      "mrr_head": 0.3613108694553375,
      "hits_at_10_head": 0.5206124852767963,
      "mrr_tail": 0.4739529490470886,
      "hits_at_10_tail": 0.6277974087161367
    },
    "mid": {
      "n": 2172,
      "mrr": 0.3623688817024231,
      "hits_at_1": 0.2847605893186004,
      "hits_at_3": 0.39157458563535913,
      "hits_at_10": 0.5211786372007366,
      "mrr_head": 0.2812250554561615,
      "hits_at_10_head": 0.4470534069981584,
      "mrr_tail": 0.4435127377510071,
      "hits_at_10_tail": 0.5953038674033149
    },
    "high": {
      "n": 17417,
      "mrr": 0.2844066917896271,
      "hits_at_1": 0.20347935924671298,
      "hits_at_3": 0.31225239708330943,
      "hits_at_10": 0.445398174197623,
      "mrr_head": 0.17487290501594543,
      "hits_at_10_head": 0.3148647872767985,
      "mrr_tail": 0.39394044876098633,
      "hits_at_10_tail": 0.5759315611184475
    }
  },
  "head_degree": {
    "low": {
      "n": 1810,
      "mrr": 0.28471818566322327,
      "hits_at_1": 0.23370165745856353,
      "hits_at_3": 0.3,
      "hits_at_10": 0.3792817679558011,
      "mrr_head": 0.0657595545053482,
      "hits_at_10_head": 0.10441988950276243,
      "mrr_tail": 0.5036768317222595,
      "hits_at_10_tail": 0.6541436464088398
    },
    "mid": {
      "n": 5664,
      "mrr": 0.26815271377563477,
      "hits_at_1": 0.20268361581920905,
      "hits_at_3": 0.2912252824858757,
      "hits_at_10": 0.3951271186440678,
      "mrr_head": 0.07143697142601013,
      "hits_at_10_head": 0.1474223163841808,
      "mrr_tail": 0.4648683965206146,
      "hits_at_10_tail": 0.6428319209039548
    },
    "high": {
      "n": 12914,
      "mrr": 0.30746856331825256,
      "hits_at_1": 0.21542512002477932,
      "hits_at_3": 0.3409478085798358,
      "hits_at_10": 0.4949279851324144,
      "mrr_head": 0.25400176644325256,
      "hits_at_10_head": 0.4474214031283878,
      "mrr_tail": 0.36093538999557495,
      "hits_at_10_tail": 0.5424345671364411
    }
  },
  "tail_degree": {
    "low": {
      "n": 1478,
      "mrr": 0.1867184340953827,
      "hits_at_1": 0.12652232746955344,
      "hits_at_3": 0.20027063599458728,
      "hits_at_10": 0.30886332882273343,
      "mrr_head": 0.29723647236824036,
      "hits_at_10_head": 0.4851150202976996,
      "mrr_tail": 0.07620040327310562,
      "hits_at_10_tail": 0.13261163734776726
    },
    "mid": {
      "n": 3029,
      "mrr": 0.17540182173252106,
      "hits_at_1": 0.10382964674810169,
      "hits_at_3": 0.19445361505447342,
      "hits_at_10": 0.3156157147573457,
      "mrr_head": 0.26588961482048035,
      "hits_at_10_head": 0.4460217893694289,
      "mrr_tail": 0.08491405099630356,
      "hits_at_10_tail": 0.18520964014526245
    },
    "high": {
      "n": 15849,
      "mrr": 0.329751193523407,
      "hits_at_1": 0.2447788504006562,
      "hits_at_3": 0.36197867373335857,
      "hits_at_10": 0.49892737712158497,
      "mrr_head": 0.1701573133468628,
      "hits_at_10_head": 0.3024165562496057,
      "mrr_tail": 0.48934510350227356,
      "hits_at_10_tail": 0.6954381979935642
    }
  }
}