{
  "losses": [
    2.949640547422538,
    1.8316893662725175,
    1.0228830972560365,
    0.7433584733565051,
    0.6965194808361226,
    0.6846274191275575,
    0.6755270814537105,
    0.6665177764301013,
    0.6555670820232621,
    0.6432265038777115,
    0.6299223120051219,
    0.6139561144032872,
    0.597141133439272,
    0.57917457348422,
    0.5597867439115854,
    0.5401871471028579,
    0.5203308230055902,
    0.5009972521461042,
    0.482143466409884,
    0.4637522248173119,
    0.44622589143595304,
    0.4296804459247374,
    0.4138426772857967,
    0.398404001741481,
    0.3844259208754489,
    0.3710467908391379,
    0.35870509913989473,
    0.34770018568164424,
    0.33659726739826057,
    0.32691950390213415,
    0.3179151809081099,
    0.3097140141447684,
    0.30277259222098757,
    0.29542173859768345,
    0.2890194798994781,
    0.28350802931122315,
    0.2774828673529446,
    0.2726702397703228,
    0.26796535408138333,
    0.26434062690215004,
    0.2599598146919021,
    0.25604170756904704,
    0.25286366252746795,
    0.24948081424585858,
    0.24713554978370667,
    0.24461852310967624,
    0.2423317516432669,
    0.23986959978377909,
    0.23813903331756592,
    0.23583026919373892
  ],
  "val_mrrs": [
    0.0008192198001779616,
    0.004992752335965633,
    0.02072588913142681,
    0.023517675697803497,
    0.024462394416332245,
    0.026176558807492256,
    0.02864895947277546,
    0.029325751587748528,
    0.029617656022310257,
    0.030826039612293243,
    0.03214368224143982,
    0.034591272473335266,
    0.03796960785984993,
    0.04198726639151573,
    0.04797524958848953,
    0.055499061942100525,
    0.06405578553676605,
    0.07302489876747131,
    0.0826287716627121,
    0.09245730191469193,
    0.10393882542848587,
    0.1157803162932396,
    0.1278807371854782,
    0.14022938907146454,
    0.15168443322181702,
    0.1631457805633545,
    0.1727266162633896,
    0.18200534582138062,
    0.18977145850658417,
    0.19721999764442444,
    0.2041398286819458,
    0.21107470989227295,
    0.21596340835094452,
    0.22223347425460815,
    0.2283739149570465,
    0.23293812572956085,
    0.23798365890979767,
    0.24150267243385315,
    0.24558000266551971,
    0.249395489692688,
    0.25206494331359863,
    0.2550870478153229,
    0.25754421949386597,
    0.25957247614860535,
    0.2620174288749695,
    0.26403364539146423,
    0.2657501995563507,
    0.2676240801811218,
    0.26857197284698486,
    0.2700265049934387
  ],
  "best_epoch": 50
}