{
  "losses": [
    8.672039541086756,
    8.046998156640763,
    7.2373257651364895,
    6.2823331732498975,
    5.594200153996174,
    5.200510026817035,
    4.922488386469676,
    4.687096464902835,
    4.495149458261361,
    4.308197584367337,
    4.145490964552514,
    3.9910503294234885,
    3.828319571968308,
    3.689923428055039,
    3.5548764216272453,
    3.4201865635420146,
    3.303670836570568,
    3.175441529517783,
    3.050546293868158,
    2.9327457345517955,
    2.811878785154873,
    2.689063735474321,
    2.5601595281658316,
    2.442987216146369,
    2.311804403936056,
    2.186967957288699,
    2.0663978233373257,
    1.9503543009435325,
    1.8337654924034177,
    1.7406553778433262,
    1.6366120549969208,
    1.546606341250857,
    1.4643519233940239,
    1.3783231019077444,
    1.3117468383975495,
    1.23973131045363,
    1.17065921649897,
    1.1101061789164866,
    1.051904993397849,
    0.9953572198860627,
    0.9525707825682217,
    0.9014287378106799,
    0.8606234009104564,
    0.814748167543483,
    0.7778761678172234,
    0.7383111475553727,
    0.7085299538938623,
    0.6746220980819903,
    0.6487478150012798,
    0.6213091684687406
  ],
  "val_mrrs": [
    0.006571081001311541,
    0.010073144920170307,
    0.024588940665125847,
    0.028934864327311516,
    0.03340986371040344,
    0.035930465906858444,
    0.03938096761703491,
    0.03932137042284012,
    0.041464924812316895,
    0.04381983354687691,
    0.047441333532333374,
    0.04822004213929176,
    0.0495724156498909,
    0.05056281387805939,
    0.05225183814764023,
    0.055284637957811356,
    0.05589308217167854,
    0.05630040913820267,
    0.056595467031002045,
    0.0596667043864727,
    0.06056080758571625,
    0.06285416334867477,
    0.06416911631822586,
    0.06673260033130646,
    0.06914161890745163,
    0.0708422139286995,
    0.07365314662456512,
    0.07461437582969666,
    0.07626933604478836,
    0.07773207873106003,
    0.07925664633512497,
    0.08108627051115036,
    0.08260749280452728,
    0.08372610807418823,
    0.08438818901777267,
    0.08640411496162415,
    0.08700746297836304,
    0.08792155236005783,
    0.08864614367485046,
    0.08915887773036957,
    0.09020816534757614,
    0.09030245989561081,
    0.09096778929233551,
    0.09167354553937912,
    0.09161315858364105,
    0.0919293463230133,
    0.09299211949110031,
    0.09382385015487671,
    0.09360481798648834,
    0.09472031891345978
  ],
  "best_epoch": 50
}