{
  "checkpoint": "artifacts/custom/RotatE_mixed_30_70/trained_model.pkl",
  "num_test_triples": 20438,
  "global": {
    "n": 20438,
    "mrr": 0.2967911958694458,
    "hits_at_1": 0.21484489676093552,
    "hits_at_3": 0.32623055093453374,
    "hits_at_10": 0.459193658870731,
    "mrr_head": 0.1922440379858017,
    "hits_at_10_head": 0.3388785595459438,
    "mrr_tail": 0.4013383984565735,
    "hits_at_10_tail": 0.5795087581955182
  },
  "relation_frequency": {
    "low": {
      "n": 849,
      "mrr": 0.41760969161987305,
      "hits_at_1": 0.3333333333333333,
      "hits_at_3": 0.4581861012956419,
      "hits_at_10": 0.5789163722025913,
      "mrr_head": 0.36244720220565796,
      "hits_at_10_head": 0.525323910482921,
      "mrr_tail": 0.4727722108364105,
      "hits_at_10_tail": 0.6325088339222615
    },
    "mid": {
      "n": 2172,
      "mrr": 0.36179018020629883,
      "hits_at_1": 0.28199815837937386,
      "hits_at_3": 0.39295580110497236,
      "hits_at_10": 0.5216390423572744,
      "mrr_head": 0.2804812788963318,
      "hits_at_10_head": 0.44751381215469616,
      "mrr_tail": 0.44309911131858826,
      "hits_at_10_tail": 0.5957642725598526
    },
    "high": {
      "n": 17417,
      "mrr": 0.28279608488082886,
      "hits_at_1": 0.20069472354596085,
      "hits_at_3": 0.3114772923006258,
      "hits_at_10": 0.44557041970488603,
      "mrr_head": 0.17294369637966156,
      "hits_at_10_head": 0.3162427513349027,
      "mrr_tail": 0.39264848828315735,
      "hits_at_10_tail": 0.5748980880748694
    }
  },
  "head_degree": {
    "low": {
      "n": 1810,
      "mrr": 0.28339964151382446,
      "hits_at_1": 0.23066298342541436,
      "hits_at_3": 0.30303867403314916,
      "hits_at_10": 0.3792817679558011,
      "mrr_head": 0.06324845552444458,
      "hits_at_10_head": 0.10276243093922652,
      "mrr_tail": 0.5035508275032043,
      "hits_at_10_tail": 0.6558011049723756
    },
    "mid": {
      "n": 5664,
      "mrr": 0.26738330721855164,
      "hits_at_1": 0.20144774011299435,
      "hits_at_3": 0.290430790960452,
      "hits_at_10": 0.3954802259887006,
      "mrr_head": 0.07197047024965286,
      "hits_at_10_head": 0.1504237288135593,
      "mrr_tail": 0.462796151638031,
      "hits_at_10_tail": 0.6405367231638418
    },
    "high": {
      "n": 12914,
      "mrr": 0.3058650493621826,
      "hits_at_1": 0.21279231841412422,
      "hits_at_3": 0.3390893603840793,
      "hits_at_10": 0.49334056063187237,
      "mrr_head": 0.25172585248947144,
      "hits_at_10_head": 0.44455629549326314,
      "mrr_tail": 0.3600042462348938,
      "hits_at_10_tail": 0.5421248257704816
    }
  },
  "tail_degree": {
    "low": {
      "n": 1478,
      "mrr": 0.18635183572769165,
      "hits_at_1": 0.12719891745602166,
      "hits_at_3": 0.20230040595399187,
      "hits_at_10": 0.30751014884979705,
      "mrr_head": 0.2962866723537445,
      "hits_at_10_head": 0.479702300405954,
      "mrr_tail": 0.07641700655221939,
      "hits_at_10_tail": 0.13531799729364005
    },
    "mid": {
      "n": 3029,
      "mrr": 0.17420801520347595,
      "hits_at_1": 0.10036315615714757,
      "hits_at_3": 0.19478375701551667,
      "hits_at_10": 0.3185869924067349,
      "mrr_head": 0.2639622092247009,
      "hits_at_10_head": 0.44998349290194783,
      "mrr_tail": 0.08445384353399277,
      "hits_at_10_tail": 0.18719049191152196
    },
    "high": {
      "n": 15849,
      "mrr": 0.3283492624759674,
      "hits_at_1": 0.2423812227900814,
      "hits_at_3": 0.36074831219635306,
      "hits_at_10": 0.49895892485330307,
      "mrr_head": 0.1684906780719757,
      "hits_at_10_head": 0.3039939428355101,
      "mrr_tail": 0.4882078468799591,
      "hits_at_10_tail": 0.693923906871096
    }
  }
}