{
  "losses": [
    3.5279025554656984
  ],
  "val_mrrs": [
    0.0005998981068842113
  ],
  "best_epoch": 1
}